"","GENEID","seqnames","start","end","SAMPLE","QUAL","FILTER","REF","varAllele","ensembl_transcript","CONSEQUENCE","REFCODON","VARCODON","REFAA","VARAA","CDSLOC.start","CDSLOC.end","PROTEINLOC","depthREF","depthALT","confidence"
"1","ENSG00000118515.11","chr6",134170324,134170324,"SRR8512990",329.77,"PASS","C","C","ENST00000367858.9","nonsynonymous","GCT","CCT","A","P",1525,1525,"509",77,15,"not in whitelist"
"2","ENSG00000118515.11","chr6",134172259,134172259,"SRR8512990",6305.77,"PASS","G","T","ENST00000367858.9","synonymous","GAC","GAT","D","D",1005,1005,"335",247,187,"not in whitelist"
"3","ENSG00000118515.11","chr6",134172259,134172259,"SRR8512992",1923.77,"PASS","G","T","ENST00000367858.9","synonymous","GAC","GAT","D","D",1005,1005,"335",536,92,"not in whitelist"
"4","ENSG00000118515.11","chr6",134171041,134171041,"SRR8512995",62.77,"PASS","G","T","ENST00000367858.9","synonymous","CTC","CTT","L","L",1305,1305,"435",11,4,"low confidence"
"5","ENSG00000118515.11","chr6",134171684,134171686,"SRR8512995",37.73,"PASS","CCA","G","ENST00000367858.9","frameshift","GTGGAC","GGAC",NA,NA,1118,1120,"373:374",3,2,"low confidence"
"6","ENSG00000118515.11","chr6",134172742,134172742,"SRR8512995",58.77,"PASS","G","T","ENST00000367858.9","synonymous","TTC","TTT","F","F",867,867,"289",24,4,"low confidence"
"7","ENSG00000118515.11","chr6",134173094,134173094,"SRR8512995",44.77,"PASS","C","A","ENST00000367858.9","nonsynonymous","GTG","ATG","V","M",763,763,"255",2,2,"low confidence"
"8","ENSG00000118515.11","chr6",134174070,134174070,"SRR8512995",74.77,"PASS","G","T","ENST00000367858.9","nonsense","CAG","TAG","Q","*",448,448,"150",32,5,"low confidence"
"9","ENSG00000118515.11","chr6",134174582,134174582,"SRR8512995",70.77,"PASS","G","T","ENST00000367858.9","synonymous","TTC","TTT","F","F",366,366,"122",7,3,"low confidence"
"10","ENSG00000118515.11","chr6",134261996,134261996,"SRR8512997",43.77,"PASS","G","T","ENST00000367858.9","synonymous","TTC","TTT","F","F",222,222,"74",2,2,"low confidence"
"11","ENSG00000118515.11","chr6",134171042,134171042,"SRR8512998",53.77,"PASS","A","C","ENST00000367858.9","nonsynonymous","CTC","CCC","L","P",1304,1304,"435",7,3,"low confidence"
"12","ENSG00000118515.11","chr6",134173495,134173495,"SRR8512998",57.77,"PASS","G","T","ENST00000367858.9","synonymous","TTC","TTT","F","F",585,585,"195",10,3,"low confidence"
"13","ENSG00000118515.11","chr6",134172259,134172259,"SRR8513000",5769.77,"PASS","G","T","ENST00000367858.9","synonymous","GAC","GAT","D","D",1005,1005,"335",1,143,"not in whitelist"
"14","ENSG00000118515.11","chr6",134207413,134207413,"SRR8513004",32.77,"PASS","G","T","ENST00000367858.9","nonsynonymous","CAT","TAT","H","Y",304,304,"102",3,2,"low confidence"
"15","ENSG00000118515.11","chr6",134172259,134172259,"SRR8513006",3731.77,"PASS","G","T","ENST00000367858.9","synonymous","GAC","GAT","D","D",1005,1005,"335",172,110,"not in whitelist"
"16","ENSG00000118515.11","chr6",134172259,134172259,"SRR8513007",2059.77,"PASS","G","T","ENST00000367858.9","synonymous","GAC","GAT","D","D",1005,1005,"335",110,64,"not in whitelist"
"17","ENSG00000118515.11","chr6",134172259,134172259,"SRR8513008",1015.77,"PASS","G","T","ENST00000367858.9","synonymous","GAC","GAT","D","D",1005,1005,"335",49,33,"not in whitelist"
"18","ENSG00000118515.11","chr6",134172259,134172259,"SRR8513010",2182.77,"PASS","G","T","ENST00000367858.9","synonymous","GAC","GAT","D","D",1005,1005,"335",77,66,"not in whitelist"
"19","ENSG00000118515.11","chr6",134171718,134171718,"SRR8513011",62.77,"PASS","C","A","ENST00000367858.9","synonymous","GAG","GAA","E","E",1086,1086,"362",5,3,"low confidence"
"20","ENSG00000118515.11","chr6",134172259,134172259,"SRR8513013",6628.77,"PASS","G","T","ENST00000367858.9","synonymous","GAC","GAT","D","D",1005,1005,"335",59,181,"not in whitelist"
"21","ENSG00000118515.11","chr6",134174074,134174074,"SRR8513014",5697.77,"PASS","T","G","ENST00000367858.9","synonymous","GAA","GAG","E","E",444,444,"148",248,170,"medium confidence"
"22","ENSG00000118515.11","chr6",134174559,134174559,"SRR8513014",8027.77,"PASS","A","A","ENST00000367858.9","nonsynonymous","CTG","CAG","L","Q",389,389,"130",282,237,"not in whitelist"
"23","ENSG00000118515.11","chr6",134172259,134172259,"SRR8513024",5470.77,"PASS","G","T","ENST00000367858.9","synonymous","GAC","GAT","D","D",1005,1005,"335",186,160,"not in whitelist"
"24","ENSG00000118515.11","chr6",134172259,134172259,"SRR8513028",4025.77,"PASS","G","T","ENST00000367858.9","synonymous","GAC","GAT","D","D",1005,1005,"335",113,117,"not in whitelist"
"25","ENSG00000118515.11","chr6",134174031,134174031,"SRR8513035",1048.77,"PASS","G","G","ENST00000367858.9","nonsynonymous","CTT","GTT","L","V",487,487,"163",43,35,"High Confidence"
"26","ENSG00000118515.11","chr6",134174586,134174586,"SRR8513035",72.77,"PASS","G","G","ENST00000367858.9","nonsynonymous","GCT","GGT","A","G",362,362,"121",25,5,"low confidence"
"27","ENSG00000118515.11","chr6",134172259,134172259,"SRR8513036",4194.77,"PASS","G","T","ENST00000367858.9","synonymous","GAC","GAT","D","D",1005,1005,"335",601,157,"not in whitelist"
"28","ENSG00000118515.11","chr6",134172684,134172684,"SRR8513038",9203.77,"PASS","G","T","ENST00000367858.9","nonsynonymous","CAT","TAT","H","Y",925,925,"309",120,248,"not in whitelist"
"29","ENSG00000118515.11","chr6",134172259,134172259,"SRR8513040",7781.77,"PASS","G","T","ENST00000367858.9","synonymous","GAC","GAT","D","D",1005,1005,"335",295,230,"not in whitelist"
"30","ENSG00000118515.11","chr6",134172259,134172259,"SRR8513046",324.77,"PASS","G","T","ENST00000367858.9","synonymous","GAC","GAT","D","D",1005,1005,"335",141,20,"not in whitelist"
"31","ENSG00000118515.11","chr6",134172259,134172259,"SRR8513047",11367.77,"PASS","G","T","ENST00000367858.9","synonymous","GAC","GAT","D","D",1005,1005,"335",279,318,"not in whitelist"
"32","ENSG00000118515.11","chr6",134172259,134172259,"SRR8513048",4551.77,"PASS","G","T","ENST00000367858.9","synonymous","GAC","GAT","D","D",1005,1005,"335",135,131,"not in whitelist"
"33","ENSG00000118515.11","chr6",134172259,134172259,"SRR8513053",3461.77,"PASS","G","T","ENST00000367858.9","synonymous","GAC","GAT","D","D",1005,1005,"335",249,116,"not in whitelist"
"34","ENSG00000118515.11","chr6",134172315,134172315,"SRR8513056",34.77,"PASS","C","T","ENST00000367858.9","nonsynonymous","GAC","TAC","D","Y",949,949,"317",7,2,"low confidence"
"35","ENSG00000118515.11","chr6",134262124,134262124,"SRR8513058",395.77,"PASS","T","G","ENST00000367858.9","nonsynonymous","ATG","GTG","M","V",94,94,"32",0,10,"not in whitelist"
"36","ENSG00000118515.11","chr6",134172259,134172259,"SRR8513062",11969.77,"PASS","G","T","ENST00000367858.9","synonymous","GAC","GAT","D","D",1005,1005,"335",302,340,"not in whitelist"
"37","ENSG00000118515.11","chr6",134170402,134170402,"SRR8513065",617.77,"PASS","C","A","ENST00000367858.9","nonsynonymous","GAG","AAG","E","K",1447,1447,"483",42,20,"not in whitelist"
"38","ENSG00000118515.11","chr6",134172259,134172259,"SRR8513065",3001.77,"PASS","G","T","ENST00000367858.9","synonymous","GAC","GAT","D","D",1005,1005,"335",120,88,"not in whitelist"
"39","ENSG00000118515.11","chr6",134172259,134172259,"SRR8513067",3067.77,"PASS","G","T","ENST00000367858.9","synonymous","GAC","GAT","D","D",1005,1005,"335",107,83,"not in whitelist"
"40","ENSG00000118515.11","chr6",134173133,134173133,"SRR8513068",56.77,"PASS","G","T","ENST00000367858.9","nonsynonymous","CGG","TGG","R","W",724,724,"242",11,3,"low confidence"
"41","ENSG00000118515.11","chr6",134173343,134173343,"SRR8513068",112.77,"PASS","T","G","ENST00000367858.9","synonymous","AGA","AGG","R","R",633,633,"211",6,4,"low confidence"
"42","ENSG00000118515.11","chr6",134172259,134172259,"SRR8513070",2966.77,"PASS","G","T","ENST00000367858.9","synonymous","GAC","GAT","D","D",1005,1005,"335",268,99,"not in whitelist"
"43","ENSG00000118515.11","chr6",134173343,134173343,"SRR8513070",3744.77,"PASS","T","G","ENST00000367858.9","synonymous","AGA","AGG","R","R",633,633,"211",60,103,"medium confidence"
"44","ENSG00000118515.11","chr6",134174010,134174010,"SRR8513070",2367.77,"PASS","G","T","ENST00000367858.9","nonsynonymous","CCT","TCT","P","S",508,508,"170",166,75,"High Confidence"
"45","ENSG00000118515.11","chr6",134173517,134173517,"SRR8513071",2361.77,"PASS","G","G","ENST00000367858.9","nonsynonymous","GCT","GGT","A","G",563,563,"188",322,83,"not in whitelist"
"46","ENSG00000118515.11","chr6",134174045,134174045,"SRR8513071",1498.77,"PASS","G","T","ENST00000367858.9","nonsynonymous","CCT","CTT","P","L",473,473,"158",203,51,"High Confidence"
"47","ENSG00000118515.11","chr6",134174046,134174046,"SRR8513071",1498.77,"PASS","G","T","ENST00000367858.9","nonsynonymous","CCT","TCT","P","S",472,472,"158",201,51,"High Confidence"
"48","ENSG00000118515.11","chr6",134174569,134174569,"SRR8513071",1086.77,"PASS","T","G","ENST00000367858.9","nonsynonymous","AGG","GGG","R","G",379,379,"127",132,38,"not in whitelist"
"49","ENSG00000118515.11","chr6",134170892,134170892,"SRR8513072",40.77,"PASS","G","T","ENST00000367858.9","synonymous","TTC","TTT","F","F",1347,1347,"449",4,3,"low confidence"
"50","ENSG00000118515.11","chr6",134171147,134171148,"SRR8513072",173.73,"PASS","AT","T","ENST00000367858.9","frameshift","ATG","TG",NA,NA,1198,1199,"400",6,7,"low confidence"
"51","ENSG00000118515.11","chr6",134172206,134172206,"SRR8513072",136.03,"PASS","C","C","ENST00000367858.9","nonsynonymous","TGT","TCT","C","S",1058,1058,"353",0,4,"low confidence"
"52","ENSG00000118515.11","chr6",134172745,134172745,"SRR8513072",122.77,"PASS","G","T","ENST00000367858.9","synonymous","TGC","TGT","C","C",864,864,"288",2,4,"low confidence"
"53","ENSG00000118515.11","chr6",134174053,134174053,"SRR8513072",40.77,"PASS","G","T","ENST00000367858.9","synonymous","ATC","ATT","I","I",465,465,"155",1,4,"low confidence"
"54","ENSG00000118515.11","chr6",134170412,134170412,"SRR8513073",34.77,"PASS","G","T","ENST00000367858.9","synonymous","CAC","CAT","H","H",1437,1437,"479",4,2,"low confidence"
"55","ENSG00000118515.11","chr6",134172259,134172259,"SRR8513075",5402.77,"PASS","G","T","ENST00000367858.9","synonymous","GAC","GAT","D","D",1005,1005,"335",63,148,"not in whitelist"
"56","ENSG00000118515.11","chr6",134174520,134174520,"SRR8513075",1356.77,"PASS","G","T","ENST00000367858.9","nonsynonymous","GCA","GTA","A","V",428,428,"143",157,48,"High Confidence"
"57","ENSG00000118515.11","chr6",134174586,134174586,"SRR8513075",307.77,"PASS","G","T","ENST00000367858.9","nonsynonymous","GCT","GTT","A","V",362,362,"121",124,23,"High Confidence"
"58","ENSG00000118515.11","chr6",134172259,134172259,"SRR8513076",2392.77,"PASS","G","T","ENST00000367858.9","synonymous","GAC","GAT","D","D",1005,1005,"335",100,73,"not in whitelist"
"59","ENSG00000118515.11","chr6",134172259,134172259,"SRR8513078",6446.77,"PASS","G","T","ENST00000367858.9","synonymous","GAC","GAT","D","D",1005,1005,"335",68,178,"not in whitelist"
"60","ENSG00000118515.11","chr6",134207362,134207362,"SRR8513078",38.77,"PASS","C","C","ENST00000367858.9","nonsynonymous","GAT","CAT","D","H",355,355,"119",3,2,"low confidence"
"61","ENSG00000118515.11","chr6",134170287,134170287,"SRR8513079",71.77,"PASS","G","T","ENST00000367858.9","nonsynonymous","CCC","CTC","P","L",1562,1562,"521",6,3,"low confidence"
"62","ENSG00000118515.11","chr6",134172196,134172196,"SRR8513079",39.77,"PASS","C","A","ENST00000367858.9","synonymous","CCG","CCA","P","P",1068,1068,"356",13,3,"low confidence"
"63","ENSG00000118515.11","chr6",134172223,134172223,"SRR8513080",1892.77,"PASS","G","T","ENST00000367858.9","synonymous","AGC","AGT","S","S",1041,1041,"347",63,58,"not in whitelist"
"64","ENSG00000118515.11","chr6",134172758,134172758,"SRR8513080",1888.77,"PASS","T","G","ENST00000367858.9","nonsynonymous","CAG","CGG","Q","R",851,851,"284",41,53,"not in whitelist"
"65","ENSG00000118515.11","chr6",134173343,134173343,"SRR8513080",284.77,"PASS","T","G","ENST00000367858.9","synonymous","AGA","AGG","R","R",633,633,"211",57,13,"medium confidence"
"66","ENSG00000118515.11","chr6",134174063,134174063,"SRR8513080",2022.77,"PASS","A","C","ENST00000367858.9","nonsynonymous","ATC","ACC","I","T",455,455,"152",72,54,"not in whitelist"
"67","ENSG00000118515.11","chr6",134174064,134174064,"SRR8513080",2022.77,"PASS","T","T","ENST00000367858.9","nonsynonymous","ATC","TTC","I","F",454,454,"152",72,54,"High Confidence"
"68","ENSG00000118515.11","chr6",134171139,134171142,"SRR8513081",121.73,"PASS","TGTC","A","ENST00000367858.9","nonsynonymous","GACAAC","AAC","DN","N",1204,1207,"402:403",17,5,"low confidence"
"69","ENSG00000118515.11","chr6",134261942,134261942,"SRR8513081",51.77,"PASS","A","C","ENST00000367858.9","synonymous","TCT","TCC","S","S",276,276,"92",8,3,"low confidence"
"70","ENSG00000118515.11","chr6",134261969,134261969,"SRR8513081",83.77,"PASS","G","T","ENST00000367858.9","synonymous","AAC","AAT","N","N",249,249,"83",2,3,"low confidence"
"71","ENSG00000118515.11","chr6",134170299,134170299,"SRR8513082",33.77,"PASS","G","T","ENST00000367858.9","nonsynonymous","TCC","TTC","S","F",1550,1550,"517",6,2,"low confidence"
"72","ENSG00000118515.11","chr6",134170304,134170304,"SRR8513082",78.77,"PASS","G","T","ENST00000367858.9","synonymous","GGC","GGT","G","G",1545,1545,"515",4,3,"low confidence"
"73","ENSG00000118515.11","chr6",134170367,134170367,"SRR8513082",149.77,"PASS","G","T","ENST00000367858.9","synonymous","GGC","GGT","G","G",1482,1482,"494",6,5,"low confidence"
"74","ENSG00000118515.11","chr6",134170887,134170887,"SRR8513082",52.77,"PASS","G","T","ENST00000367858.9","nonsynonymous","TCC","TTC","S","F",1352,1352,"451",15,3,"low confidence"
"75","ENSG00000118515.11","chr6",134170895,134170895,"SRR8513082",61.77,"PASS","G","T","ENST00000367858.9","synonymous","GTC","GTT","V","V",1344,1344,"448",12,3,"low confidence"
"76","ENSG00000118515.11","chr6",134171040,134171040,"SRR8513082",43.77,"PASS","C","A","ENST00000367858.9","nonsynonymous","GGG","AGG","G","R",1306,1306,"436",15,5,"low confidence"
"77","ENSG00000118515.11","chr6",134173062,134173062,"SRR8513082",122.77,"PASS","G","T","ENST00000367858.9","synonymous","GAC","GAT","D","D",795,795,"265",15,6,"low confidence"
"78","ENSG00000118515.11","chr6",134174517,134174517,"SRR8513082",136.77,"PASS","C","T","ENST00000367858.9","nonsynonymous","TGC","TTC","C","F",431,431,"144",14,5,"low confidence"
"79","ENSG00000118515.11","chr6",134174520,134174520,"SRR8513082",136.77,"PASS","G","T","ENST00000367858.9","nonsynonymous","GCA","GTA","A","V",428,428,"143",15,5,"low confidence"
"80","ENSG00000118515.11","chr6",134171727,134171727,"SRR8513083",42.77,"PASS","G","T","ENST00000367858.9","synonymous","CTC","CTT","L","L",1077,1077,"359",15,3,"low confidence"
"81","ENSG00000118515.11","chr6",134172259,134172259,"SRR8513084",3132.77,"PASS","G","T","ENST00000367858.9","synonymous","GAC","GAT","D","D",1005,1005,"335",0,77,"not in whitelist"
"82","ENSG00000118515.11","chr6",134173343,134173343,"SRR8513085",417.77,"PASS","T","G","ENST00000367858.9","synonymous","AGA","AGG","R","R",633,633,"211",7,12,"medium confidence"
"83","ENSG00000118515.11","chr6",134170348,134170348,"SRR8513086",41.77,"PASS","G","T","ENST00000367858.9","nonsynonymous","CTC","TTC","L","F",1501,1501,"501",13,3,"low confidence"
"84","ENSG00000118515.11","chr6",134170848,134170848,"SRR8513086",27.77,"PASS","G","T","ENST00000367858.9","nonsynonymous","ACT","ATT","T","I",1391,1391,"464",8,2,"low confidence"
"85","ENSG00000118515.11","chr6",134171705,134171705,"SRR8513086",52.77,"PASS","G","T","ENST00000367858.9","nonsense","CAG","TAG","Q","*",1099,1099,"367",12,3,"low confidence"
"86","ENSG00000118515.11","chr6",134172259,134172259,"SRR8513086",533.77,"PASS","G","T","ENST00000367858.9","synonymous","GAC","GAT","D","D",1005,1005,"335",23,17,"not in whitelist"
"87","ENSG00000118515.11","chr6",134172218,134172218,"SRR8513087",24.78,"PASS","G","T","ENST00000367858.9","nonsynonymous","ACA","ATA","T","I",1046,1046,"349",9,2,"low confidence"
"88","ENSG00000118515.11","chr6",134172259,134172259,"SRR8513087",561.77,"PASS","G","T","ENST00000367858.9","synonymous","GAC","GAT","D","D",1005,1005,"335",16,17,"not in whitelist"
"89","ENSG00000118515.11","chr6",134172730,134172730,"SRR8513092",2259.77,"PASS","C","T","ENST00000367858.9","synonymous","CGG","CGT","R","R",879,879,"293",14,59,"not in whitelist"
"90","ENSG00000118515.11","chr6",134174586,134174586,"SRR8513094",374.77,"PASS","G","T","ENST00000367858.9","nonsynonymous","GCT","GTT","A","V",362,362,"121",67,20,"High Confidence"
"91","ENSG00000118515.11","chr6",134173069,134173069,"SRR8513103",2309.77,"PASS","G","G","ENST00000367858.9","nonsynonymous","ACT","AGT","T","S",788,788,"263",100,72,"not in whitelist"
"92","ENSG00000118515.11","chr6",134174032,134174032,"SRR8513103",4423.77,"PASS","C","C","ENST00000367858.9","nonsynonymous","GAG","GAC","E","D",486,486,"162",165,132,"High Confidence"
"93","ENSG00000118515.11","chr6",134174568,134174568,"SRR8513103",2271.77,"PASS","C","A","ENST00000367858.9","nonsynonymous","AGG","AAG","R","K",380,380,"127",98,71,"High Confidence"
"94","ENSG00000118515.11","chr6",134172259,134172259,"SRR8513105",3520.77,"PASS","G","T","ENST00000367858.9","synonymous","GAC","GAT","D","D",1005,1005,"335",115,102,"not in whitelist"
"95","ENSG00000118515.11","chr6",134174512,134174512,"SRR8513106",2063.77,"PASS","G","A","ENST00000367858.9","nonsynonymous","CAC","AAC","H","N",436,436,"146",163,71,"High Confidence"
"96","ENSG00000118515.11","chr6",134174528,134174528,"SRR8513109",3451.77,"PASS","G","G","ENST00000367858.9","nonsynonymous","AAC","AAG","N","K",420,420,"140",286,114,"High Confidence"
"97","ENSG00000118515.11","chr6",134173556,134173556,"SRR8513110",8726.77,"PASS","G","T","ENST00000367858.9","nonsynonymous","TCT","TTT","S","F",524,524,"175",343,269,"not in whitelist"
"98","ENSG00000118515.11","chr6",134172259,134172259,"SRR8513120",6590.77,"PASS","G","T","ENST00000367858.9","synonymous","GAC","GAT","D","D",1005,1005,"335",178,189,"not in whitelist"
"99","ENSG00000118515.11","chr6",134172259,134172259,"SRR8513126",866.77,"PASS","G","T","ENST00000367858.9","synonymous","GAC","GAT","D","D",1005,1005,"335",25,27,"not in whitelist"
"100","ENSG00000118515.11","chr6",134262075,134262075,"SRR8513126",42.77,"PASS","G","T","ENST00000367858.9","nonsynonymous","TCC","TTC","S","F",143,143,"48",1,2,"low confidence"
"101","ENSG00000118515.11","chr6",134172259,134172259,"SRR8513127",8056.77,"PASS","G","T","ENST00000367858.9","synonymous","GAC","GAT","D","D",1005,1005,"335",90,227,"not in whitelist"
"102","ENSG00000118515.11","chr6",134174517,134174517,"SRR8513127",3183.77,"PASS","C","A","ENST00000367858.9","nonsynonymous","TGC","TAC","C","Y",431,431,"144",69,89,"High Confidence"
"103","ENSG00000118515.11","chr6",134172259,134172259,"SRR8513130",788.77,"PASS","G","T","ENST00000367858.9","synonymous","GAC","GAT","D","D",1005,1005,"335",37,26,"not in whitelist"
"104","ENSG00000118515.11","chr6",134172259,134172259,"SRR8513132",5191.77,"PASS","G","T","ENST00000367858.9","synonymous","GAC","GAT","D","D",1005,1005,"335",1,135,"not in whitelist"
"105","ENSG00000118515.11","chr6",134174031,134174031,"SRR8513133",3203.77,"PASS","G","T","ENST00000367858.9","nonsynonymous","CTT","TTT","L","F",487,487,"163",219,103,"High Confidence"
"106","ENSG00000118515.11","chr6",134174571,134174571,"SRR8513133",1649.77,"PASS","C","A","ENST00000367858.9","nonsynonymous","AGG","AAG","R","K",377,377,"126",136,56,"High Confidence"
"107","ENSG00000118515.11","chr6",134173294,134173294,"SRR8513134",5953.77,"PASS","C","C","ENST00000367858.9","nonsynonymous","GCA","CCA","A","P",682,682,"228",206,179,"High Confidence"
"108","ENSG00000118515.11","chr6",134173333,134173333,"SRR8513134",1311.77,"PASS","C","T","ENST00000367858.9","nonsense","GAA","TAA","E","*",643,643,"215",240,54,"not in whitelist"
"109","ENSG00000118515.11","chr6",134173481,134173481,"SRR8513134",5642.77,"PASS","C","T","ENST00000367858.9","nonsynonymous","GGA","GTA","G","V",599,599,"200",412,185,"High Confidence"
"110","ENSG00000118515.11","chr6",134207402,134207402,"SRR8513135",44.77,"PASS","G","T","ENST00000367858.9","synonymous","ATC","ATT","I","I",315,315,"105",1,2,"low confidence"
"111","ENSG00000118515.11","chr6",134172259,134172259,"SRR8513141",17307.77,"PASS","G","T","ENST00000367858.9","synonymous","GAC","GAT","D","D",1005,1005,"335",542,501,"not in whitelist"
"112","ENSG00000118515.11","chr6",134174050,134174050,"SRR8513141",8108.77,"PASS","G","T","ENST00000367858.9","synonymous","TCC","TCT","S","S",468,468,"156",354,247,"not in whitelist"
"113","ENSG00000118515.11","chr6",134172259,134172259,"SRR8513142",2838.77,"PASS","G","T","ENST00000367858.9","synonymous","GAC","GAT","D","D",1005,1005,"335",153,88,"not in whitelist"
"114","ENSG00000118515.11","chr6",134172259,134172259,"SRR8513144",117.77,"PASS","G","T","ENST00000367858.9","synonymous","GAC","GAT","D","D",1005,1005,"335",28,7,"low confidence"
"115","ENSG00000118515.11","chr6",134173343,134173343,"SRR8513149",8974.77,"PASS","T","G","ENST00000367858.9","synonymous","AGA","AGG","R","R",633,633,"211",82,243,"medium confidence"
"116","ENSG00000118515.11","chr6",134174524,134174524,"SRR8513150",338.77,"PASS","A","C","ENST00000367858.9","nonsynonymous","TAT","CAT","Y","H",424,424,"142",23,11,"High Confidence"
"117","ENSG00000118515.11","chr6",134174586,134174586,"SRR8513150",130.77,"PASS","G","G","ENST00000367858.9","nonsynonymous","GCT","GGT","A","G",362,362,"121",17,6,"low confidence"
"118","ENSG00000118515.11","chr6",134172259,134172259,"SRR8513151",1984.77,"PASS","G","T","ENST00000367858.9","synonymous","GAC","GAT","D","D",1005,1005,"335",306,82,"not in whitelist"
"119","ENSG00000118515.11","chr6",134174074,134174074,"SRR8513151",1987.77,"PASS","T","T","ENST00000367858.9","nonsynonymous","GAA","GAT","E","D",444,444,"148",89,58,"High Confidence"
"120","ENSG00000118515.11","chr6",134174550,134174550,"SRR8513151",1425.77,"PASS","A","G","ENST00000367858.9","nonsynonymous","TTT","TGT","F","C",398,398,"133",85,44,"High Confidence"
"121","ENSG00000118515.11","chr6",134174568,134174568,"SRR8513151",1140.77,"PASS","C","C","ENST00000367858.9","nonsynonymous","AGG","ACG","R","T",380,380,"127",70,37,"High Confidence"
"122","ENSG00000118515.11","chr6",134172719,134172719,"SRR8513153",1627.77,"PASS","T","G","ENST00000367858.9","nonsynonymous","TAT","TGT","Y","C",890,890,"297",134,56,"High Confidence"
"123","ENSG00000118515.11","chr6",134173327,134173327,"SRR8513159",93.77,"PASS","C","T","ENST00000367858.9","nonsynonymous","GTG","TTG","V","L",649,649,"217",12,4,"low confidence"
"124","ENSG00000118515.11","chr6",134174031,134174031,"SRR8513161",18750.77,"PASS","G","T","ENST00000367858.9","nonsynonymous","CTT","TTT","L","F",487,487,"163",38,487,"High Confidence"
"125","ENSG00000118515.11","chr6",134262022,134262022,"SRR8513161",311.78,"PASS","G","G","ENST00000367858.9","nonsynonymous","CAA","GAA","Q","E",196,196,"66",0,8,"other"
"126","ENSG00000118515.11","chr6",134172730,134172730,"SRR8513165",5762.77,"PASS","C","T","ENST00000367858.9","synonymous","CGG","CGT","R","R",879,879,"293",181,164,"not in whitelist"
"127","ENSG00000118515.11","chr6",134317425,134317425,"SRR8513165",38.77,"PASS","C","A","ENST00000367858.9","synonymous","AAG","AAA","K","K",36,36,"12",4,2,"low confidence"
"128","ENSG00000118515.11","chr6",134172259,134172259,"SRR8513166",1574.77,"PASS","G","T","ENST00000367858.9","synonymous","GAC","GAT","D","D",1005,1005,"335",80,54,"not in whitelist"
"129","ENSG00000118515.11","chr6",134172704,134172704,"SRR8513166",773.77,"PASS","G","T","ENST00000367858.9","nonsynonymous","GCC","GTC","A","V",905,905,"302",73,28,"not in whitelist"
"130","ENSG00000118515.11","chr6",134173124,134173124,"SRR8513166",306.77,"PASS","G","T","ENST00000367858.9","synonymous","CTG","TTG","L","L",733,733,"245",27,11,"not in whitelist"
"131","ENSG00000118515.11","chr6",134173127,134173127,"SRR8513166",312.77,"PASS","C","A","ENST00000367858.9","nonsynonymous","GTT","ATT","V","I",730,730,"244",26,5,"low confidence"
"132","ENSG00000118515.11","chr6",134173331,134173331,"SRR8513166",248.77,"PASS","T","G","ENST00000367858.9","synonymous","GAA","GAG","E","E",645,645,"215",29,10,"not in whitelist"
"133","ENSG00000118515.11","chr6",134173498,134173498,"SRR8513166",257.77,"PASS","G","T","ENST00000367858.9","synonymous","CAC","CAT","H","H",582,582,"194",74,13,"not in whitelist"
"134","ENSG00000118515.11","chr6",134174032,134174032,"SRR8513166",379.77,"PASS","C","A","ENST00000367858.9","synonymous","GAG","GAA","E","E",486,486,"162",99,19,"medium confidence"
"135","ENSG00000118515.11","chr6",134174520,134174520,"SRR8513166",295.77,"PASS","G","T","ENST00000367858.9","nonsynonymous","GCA","GTA","A","V",428,428,"143",56,11,"High Confidence"
"136","ENSG00000118515.11","chr6",134174528,134174528,"SRR8513166",292.77,"PASS","G","G","ENST00000367858.9","nonsynonymous","AAC","AAG","N","K",420,420,"140",57,10,"High Confidence"
"137","ENSG00000118515.11","chr6",134171665,134171665,"SRR8513167",3091.77,"PASS","G","T","ENST00000367858.9","nonsynonymous","GCT","GTT","A","V",1139,1139,"380",62,86,"High Confidence"
"138","ENSG00000118515.11","chr6",134172259,134172259,"SRR8513170",4655.77,"PASS","G","T","ENST00000367858.9","synonymous","GAC","GAT","D","D",1005,1005,"335",167,135,"not in whitelist"
"139","ENSG00000118515.11","chr6",134172259,134172259,"SRR8513171",1347.77,"PASS","G","T","ENST00000367858.9","synonymous","GAC","GAT","D","D",1005,1005,"335",341,65,"not in whitelist"
"140","ENSG00000118515.11","chr6",134174535,134174535,"SRR8513186",60.77,"PASS","G","T","ENST00000367858.9","nonsynonymous","GCC","GTC","A","V",413,413,"138",23,4,"low confidence"
"141","ENSG00000118515.11","chr6",134174585,134174585,"SRR8513188",64.77,"PASS","A","C","ENST00000367858.9","synonymous","GCT","GCC","A","A",363,363,"121",20,4,"low confidence"
"142","ENSG00000118515.11","chr6",134172259,134172259,"SRR8513189",204.77,"PASS","G","T","ENST00000367858.9","synonymous","GAC","GAT","D","D",1005,1005,"335",6,6,"low confidence"
"143","ENSG00000118515.11","chr6",134172259,134172259,"SRR8513193",2363.77,"PASS","G","T","ENST00000367858.9","synonymous","GAC","GAT","D","D",1005,1005,"335",62,69,"not in whitelist"
"144","ENSG00000118515.11","chr6",134317400,134317400,"SRR8513195",25.72,"PASS","T","TA","ENST00000367858.9","frameshift","AAG","AAG",NA,NA,61,61,"21",0,2,"low confidence"
"145","ENSG00000118515.11","chr6",134172259,134172259,"SRR8513197",1698.77,"PASS","G","T","ENST00000367858.9","synonymous","GAC","GAT","D","D",1005,1005,"335",76,53,"not in whitelist"
"146","ENSG00000118515.11","chr6",134173343,134173343,"SRR8513198",3527.77,"PASS","T","G","ENST00000367858.9","synonymous","AGA","AGG","R","R",633,633,"211",125,103,"medium confidence"
"147","ENSG00000118515.11","chr6",134172259,134172259,"SRR8513199",6659.77,"PASS","G","T","ENST00000367858.9","synonymous","GAC","GAT","D","D",1005,1005,"335",154,196,"not in whitelist"
"148","ENSG00000118515.11","chr6",134261977,134261977,"SRR8513200",48.74,"PASS","G","G","ENST00000367858.9","nonsynonymous","CAG","GAG","Q","E",241,241,"81",0,2,"low confidence"
"149","ENSG00000118515.11","chr6",134172714,134172714,"SRR8513201",24.78,"PASS","C","C","ENST00000367858.9","nonsynonymous","GCT","CCT","A","P",895,895,"299",9,2,"low confidence"
"150","ENSG00000118515.11","chr6",134173041,134173041,"SRR8513201",32.77,"PASS","G","T","ENST00000367858.9","synonymous","GAC","GAT","D","D",816,816,"272",6,2,"low confidence"
"151","ENSG00000118515.11","chr6",134174070,134174070,"SRR8513201",21.8,"PASS","G","T","ENST00000367858.9","nonsense","CAG","TAG","Q","*",448,448,"150",8,2,"low confidence"
"152","ENSG00000118515.11","chr6",134172259,134172259,"SRR8513203",7632.77,"PASS","G","T","ENST00000367858.9","synonymous","GAC","GAT","D","D",1005,1005,"335",61,215,"not in whitelist"
"153","ENSG00000118515.11","chr6",134172259,134172259,"SRR8513206",10239.77,"PASS","G","T","ENST00000367858.9","synonymous","GAC","GAT","D","D",1005,1005,"335",41,277,"not in whitelist"
"154","ENSG00000118515.11","chr6",134262022,134262022,"SRR8513206",390.56,"PASS","G","G","ENST00000367858.9","nonsynonymous","CAA","GAA","Q","E",196,196,"66",1,11,"not in whitelist"
"155","ENSG00000118515.11","chr6",134174031,134174031,"SRR8513207",840.77,"PASS","G","G","ENST00000367858.9","nonsynonymous","CTT","GTT","L","V",487,487,"163",224,41,"High Confidence"
"156","ENSG00000118515.11","chr6",134172259,134172259,"SRR8513208",1466.77,"PASS","G","T","ENST00000367858.9","synonymous","GAC","GAT","D","D",1005,1005,"335",52,44,"not in whitelist"
"157","ENSG00000118515.11","chr6",134172259,134172259,"SRR8513209",72.77,"PASS","G","T","ENST00000367858.9","synonymous","GAC","GAT","D","D",1005,1005,"335",15,4,"low confidence"
"158","ENSG00000118515.11","chr6",134172287,134172287,"SRR8513209",117.77,"PASS","T","T","ENST00000367858.9","nonsynonymous","GAT","GTT","D","V",977,977,"326",13,5,"low confidence"
"159","ENSG00000118515.11","chr6",134173518,134173518,"SRR8513209",138.77,"PASS","C","A","ENST00000367858.9","nonsynonymous","GCT","ACT","A","T",562,562,"188",7,5,"low confidence"
"160","ENSG00000118515.11","chr6",134170334,134170334,"SRR8513210",494.77,"PASS","G","T","ENST00000367858.9","synonymous","AGC","AGT","S","S",1515,1515,"505",91,21,"not in whitelist"
"161","ENSG00000118515.11","chr6",134172259,134172259,"SRR8513210",7507.77,"PASS","G","T","ENST00000367858.9","synonymous","GAC","GAT","D","D",1005,1005,"335",326,224,"not in whitelist"
"162","ENSG00000118515.11","chr6",134173149,134173149,"SRR8513215",1513.77,"PASS","C","A","ENST00000367858.9","synonymous","AAG","AAA","K","K",708,708,"236",44,44,"not in whitelist"
"163","ENSG00000118515.11","chr6",134174528,134174528,"SRR8513215",960.77,"PASS","G","G","ENST00000367858.9","nonsynonymous","AAC","AAG","N","K",420,420,"140",169,40,"High Confidence"
"164","ENSG00000118515.11","chr6",134170309,134170309,"SRR8513219",254.8,"PASS","G","T","ENST00000367858.9","synonymous","CTA","TTA","L","L",1540,1540,"514",0,7,"low confidence"
"165","ENSG00000118515.11","chr6",134171078,134171078,"SRR8513219",70.77,"PASS","A","C","ENST00000367858.9","nonsynonymous","CTG","CCG","L","P",1268,1268,"423",4,4,"low confidence"
"166","ENSG00000118515.11","chr6",134171099,134171099,"SRR8513219",118.77,"PASS","G","T","ENST00000367858.9","nonsynonymous","ACA","ATA","T","I",1247,1247,"416",4,4,"low confidence"
"167","ENSG00000118515.11","chr6",134173284,134173284,"SRR8513219",225.77,"PASS","T","G","ENST00000367858.9","nonsynonymous","AAA","AGA","K","R",692,692,"231",5,7,"low confidence"
"168","ENSG00000118515.11","chr6",134173138,134173138,"SRR8513220",43.77,"PASS","G","T","ENST00000367858.9","nonsynonymous","TCG","TTG","S","L",719,719,"240",11,3,"low confidence"
"169","ENSG00000118515.11","chr6",134172259,134172259,"SRR8513221",1496.77,"PASS","G","T","ENST00000367858.9","synonymous","GAC","GAT","D","D",1005,1005,"335",110,53,"not in whitelist"
"170","ENSG00000118515.11","chr6",134172259,134172259,"SRR8513224",4978.77,"PASS","G","T","ENST00000367858.9","synonymous","GAC","GAT","D","D",1005,1005,"335",393,165,"not in whitelist"
"171","ENSG00000118515.11","chr6",134262124,134262124,"SRR8513233",331.77,"PASS","T","G","ENST00000367858.9","nonsynonymous","ATG","GTG","M","V",94,94,"32",10,10,"not in whitelist"
"172","ENSG00000118515.11","chr6",134172259,134172259,"SRR8513236",4497.77,"PASS","G","T","ENST00000367858.9","synonymous","GAC","GAT","D","D",1005,1005,"335",116,128,"not in whitelist"
"173","ENSG00000118515.11","chr6",134172259,134172259,"SRR8513240",1784.77,"PASS","G","T","ENST00000367858.9","synonymous","GAC","GAT","D","D",1005,1005,"335",60,58,"not in whitelist"
"174","ENSG00000118515.11","chr6",134171662,134171666,"SRR8513241",668.73,"PASS","ACAGC","T","ENST00000367858.9","frameshift","GCTGTC","TC",NA,NA,1138,1142,"380:381",279,37,"not in whitelist"
"175","ENSG00000118515.11","chr6",134172259,134172259,"SRR8513241",22571.77,"PASS","G","T","ENST00000367858.9","synonymous","GAC","GAT","D","D",1005,1005,"335",1,550,"not in whitelist"
"176","ENSG00000118515.11","chr6",134174021,134174021,"SRR8513241",6620.77,"PASS","G","T","ENST00000367858.9","nonsynonymous","GCC","GTC","A","V",497,497,"166",227,179,"High Confidence"
"177","ENSG00000118515.11","chr6",134174031,134174031,"SRR8513241",6180.77,"PASS","G","T","ENST00000367858.9","nonsynonymous","CTT","TTT","L","F",487,487,"163",209,143,"High Confidence"
"178","ENSG00000118515.11","chr6",134262124,134262124,"SRR8513242",934.77,"PASS","T","G","ENST00000367858.9","nonsynonymous","ATG","GTG","M","V",94,94,"32",4,27,"not in whitelist"
"179","ENSG00000118515.11","chr6",134174517,134174517,"SRR8513244",5247.77,"PASS","C","A","ENST00000367858.9","nonsynonymous","TGC","TAC","C","Y",431,431,"144",232,147,"High Confidence"
"180","ENSG00000118515.11","chr6",134174571,134174571,"SRR8513244",4292.77,"PASS","C","A","ENST00000367858.9","nonsynonymous","AGG","AAG","R","K",377,377,"126",192,122,"High Confidence"
"181","ENSG00000118515.11","chr6",134174516,134174516,"SRR8513246",4915.77,"PASS","G","G","ENST00000367858.9","nonsynonymous","TGC","TGG","C","W",432,432,"144",255,150,"High Confidence"
"182","ENSG00000118515.11","chr6",134172218,134172218,"SRR8513247",55.77,"PASS","G","T","ENST00000367858.9","nonsynonymous","ACA","ATA","T","I",1046,1046,"349",12,3,"low confidence"
"183","ENSG00000118515.11","chr6",134172259,134172259,"SRR8513248",10643.77,"PASS","G","T","ENST00000367858.9","synonymous","GAC","GAT","D","D",1005,1005,"335",345,310,"not in whitelist"
"184","ENSG00000118515.11","chr6",134174073,134174073,"SRR8513248",1779.77,"PASS","C","C","ENST00000367858.9","nonsynonymous","GTT","CTT","V","L",445,445,"149",186,65,"High Confidence"
"185","ENSG00000118515.11","chr6",134174586,134174586,"SRR8513248",1063.77,"PASS","G","G","ENST00000367858.9","nonsynonymous","GCT","GGT","A","G",362,362,"121",91,41,"High Confidence"
"186","ENSG00000118515.11","chr6",134172259,134172259,"SRR8513249",7232.77,"PASS","G","T","ENST00000367858.9","synonymous","GAC","GAT","D","D",1005,1005,"335",232,217,"not in whitelist"
"187","ENSG00000118515.11","chr6",134261964,134261964,"SRR8513249",31.77,"PASS","G","T","ENST00000367858.9","nonsynonymous","TCA","TTA","S","L",254,254,"85",5,2,"low confidence"
"188","ENSG00000118515.11","chr6",134172259,134172259,"SRR8513252",3099.77,"PASS","G","T","ENST00000367858.9","synonymous","GAC","GAT","D","D",1005,1005,"335",128,94,"not in whitelist"
"189","ENSG00000118515.11","chr6",134207401,134207401,"SRR8513255",60.77,"PASS","G","T","ENST00000367858.9","synonymous","CTG","TTG","L","L",316,316,"106",10,3,"low confidence"
"190","ENSG00000118515.11","chr6",134172259,134172259,"SRR8513256",4221.77,"PASS","G","T","ENST00000367858.9","synonymous","GAC","GAT","D","D",1005,1005,"335",142,124,"not in whitelist"
"191","ENSG00000118515.11","chr6",134174007,134174013,"SRR8513256",319.73,"PASS","GAGGAGA","C","ENST00000367858.9","nonsynonymous","TCTCCTCCA","CCA","SPP","P",505,511,"c(169, 171)",119,17,"High Confidence"
"192","ENSG00000118515.11","chr6",134172259,134172259,"SRR8513258",5644.77,"PASS","G","T","ENST00000367858.9","synonymous","GAC","GAT","D","D",1005,1005,"335",70,156,"not in whitelist"
"193","ENSG00000118515.11","chr6",134171701,134171701,"SRR8513259",34.77,"PASS","G","T","ENST00000367858.9","nonsynonymous","CCT","CTT","P","L",1103,1103,"368",5,2,"low confidence"
"194","ENSG00000118515.11","chr6",134172259,134172259,"SRR8513259",712.77,"PASS","G","T","ENST00000367858.9","synonymous","GAC","GAT","D","D",1005,1005,"335",11,23,"not in whitelist"
"195","ENSG00000118515.11","chr6",134171715,134171715,"SRR8513260",346.77,"PASS","C","A","ENST00000367858.9","synonymous","GTG","GTA","V","V",1089,1089,"363",58,14,"not in whitelist"
"196","ENSG00000118515.11","chr6",134174031,134174031,"SRR8513260",359.77,"PASS","G","T","ENST00000367858.9","nonsynonymous","CTT","TTT","L","F",487,487,"163",126,22,"High Confidence"
"197","ENSG00000118515.11","chr6",134174568,134174568,"SRR8513260",318.77,"PASS","C","A","ENST00000367858.9","nonsynonymous","AGG","AAG","R","K",380,380,"127",69,13,"High Confidence"
"198","ENSG00000118515.11","chr6",134174576,134174576,"SRR8513260",317.77,"PASS","C","C","ENST00000367858.9","nonsynonymous","AAG","AAC","K","N",372,372,"124",63,13,"High Confidence"
"199","ENSG00000118515.11","chr6",134172259,134172259,"SRR8513264",1303.77,"PASS","G","T","ENST00000367858.9","synonymous","GAC","GAT","D","D",1005,1005,"335",44,41,"not in whitelist"
"200","ENSG00000118515.11","chr6",134170344,134170344,"SRR8513265",27.77,"PASS","A","G","ENST00000367858.9","nonsynonymous","GTC","GGC","V","G",1505,1505,"502",5,3,"low confidence"
"201","ENSG00000118515.11","chr6",134172259,134172259,"SRR8513271",9613.77,"PASS","G","T","ENST00000367858.9","synonymous","GAC","GAT","D","D",1005,1005,"335",113,277,"not in whitelist"
"202","ENSG00000118515.11","chr6",134173482,134173482,"SRR8513272",1524.77,"PASS","C","A","ENST00000367858.9","nonsynonymous","GGA","AGA","G","R",598,598,"200",419,76,"not in whitelist"
"203","ENSG00000118515.11","chr6",134174031,134174031,"SRR8513272",1334.77,"PASS","G","G","ENST00000367858.9","nonsynonymous","CTT","GTT","L","V",487,487,"163",369,66,"High Confidence"
"204","ENSG00000118515.11","chr6",134172259,134172259,"SRR8513280",3324.77,"PASS","G","T","ENST00000367858.9","synonymous","GAC","GAT","D","D",1005,1005,"335",94,89,"not in whitelist"
"205","ENSG00000118515.11","chr6",134172259,134172259,"SRR8513284",2125.77,"PASS","G","T","ENST00000367858.9","synonymous","GAC","GAT","D","D",1005,1005,"335",112,70,"not in whitelist"
"206","ENSG00000118515.11","chr6",134172259,134172259,"SRR8513285",4160.77,"PASS","G","T","ENST00000367858.9","synonymous","GAC","GAT","D","D",1005,1005,"335",166,124,"not in whitelist"
"207","ENSG00000118515.11","chr6",134173343,134173343,"SRR8513285",2536.77,"PASS","T","G","ENST00000367858.9","synonymous","AGA","AGG","R","R",633,633,"211",63,73,"medium confidence"
"208","ENSG00000118515.11","chr6",134172259,134172259,"SRR8513286",16165.77,"PASS","G","T","ENST00000367858.9","synonymous","GAC","GAT","D","D",1005,1005,"335",0,403,"not in whitelist"
"209","ENSG00000118515.11","chr6",134170412,134170412,"SRR8513287",99.77,"PASS","G","T","ENST00000367858.9","synonymous","CAC","CAT","H","H",1437,1437,"479",8,4,"low confidence"
"210","ENSG00000118515.11","chr6",134171137,134171137,"SRR8513287",77.77,"PASS","G","T","ENST00000367858.9","synonymous","AAC","AAT","N","N",1209,1209,"403",17,4,"low confidence"
"211","ENSG00000118515.11","chr6",134173131,134173131,"SRR8513287",38.77,"PASS","C","A","ENST00000367858.9","synonymous","CGG","CGA","R","R",726,726,"242",2,2,"low confidence"
"212","ENSG00000118515.11","chr6",134172263,134172263,"SRR8513289",24.78,"PASS","G","T","ENST00000367858.9","nonsynonymous","ACT","ATT","T","I",1001,1001,"334",9,2,"low confidence"
"213","ENSG00000118515.11","chr6",134173511,134173511,"SRR8513289",28.77,"PASS","G","T","ENST00000367858.9","nonsynonymous","CCA","CTA","P","L",569,569,"190",7,2,"low confidence"
"214","ENSG00000118515.11","chr6",134174053,134174053,"SRR8513289",23.79,"PASS","G","T","ENST00000367858.9","synonymous","ATC","ATT","I","I",465,465,"155",9,2,"low confidence"
"215","ENSG00000118515.11","chr6",134174565,134174568,"SRR8513289",40.73,"PASS","ATCC","T","ENST00000367858.9","nonsynonymous","AGGATG","ATG","RM","M",380,383,"127:128",2,2,"low confidence"
"216","ENSG00000118515.11","chr6",134173309,134173309,"SRR8513290",2271.77,"PASS","C","C","ENST00000367858.9","nonsynonymous","GTT","CTT","V","L",667,667,"223",189,75,"not in whitelist"
"217","ENSG00000118515.11","chr6",134172259,134172259,"SRR8513295",5576.77,"PASS","G","T","ENST00000367858.9","synonymous","GAC","GAT","D","D",1005,1005,"335",201,163,"not in whitelist"
"218","ENSG00000118515.11","chr6",134173343,134173343,"SRR8513295",2612.77,"PASS","T","G","ENST00000367858.9","synonymous","AGA","AGG","R","R",633,633,"211",64,73,"medium confidence"
"219","ENSG00000118515.11","chr6",134174021,134174021,"SRR8513300",2224.77,"PASS","G","G","ENST00000367858.9","nonsynonymous","GCC","GGC","A","G",497,497,"166",438,96,"High Confidence"
"220","ENSG00000118515.11","chr6",134174586,134174586,"SRR8513300",3152.77,"PASS","G","G","ENST00000367858.9","nonsynonymous","GCT","GGT","A","G",362,362,"121",152,108,"High Confidence"
"221","ENSG00000118515.11","chr6",134172259,134172259,"SRR8513301",791.77,"PASS","G","T","ENST00000367858.9","synonymous","GAC","GAT","D","D",1005,1005,"335",16,22,"not in whitelist"
"222","ENSG00000118515.11","chr6",134317435,134317439,"SRR8513302",23.75,"PASS","AATCC","T","ENST00000367858.9","frameshift","GGATTC","GGATTC",NA,NA,22,26,"8:9",1,2,"low confidence"
"223","ENSG00000118515.11","chr6",134173288,134173288,"SRR8513303",983.77,"PASS","G","G","ENST00000367858.9","nonsynonymous","CTG","GTG","L","V",688,688,"230",84,33,"not in whitelist"
"224","ENSG00000118515.11","chr6",134173558,134173558,"SRR8513303",818.77,"PASS","A","C","ENST00000367858.9","synonymous","CCT","CCC","P","P",522,522,"174",146,34,"not in whitelist"
"225","ENSG00000118515.11","chr6",134174017,134174017,"SRR8513303",576.77,"PASS","G","G","ENST00000367858.9","nonsynonymous","AAC","AAG","N","K",501,501,"167",138,26,"High Confidence"
"226","ENSG00000118515.11","chr6",134174031,134174031,"SRR8513303",460.77,"PASS","G","G","ENST00000367858.9","nonsynonymous","CTT","GTT","L","V",487,487,"163",142,24,"High Confidence"
"227","ENSG00000118515.11","chr6",134174528,134174528,"SRR8513303",440.77,"PASS","G","G","ENST00000367858.9","nonsynonymous","AAC","AAG","N","K",420,420,"140",88,19,"High Confidence"
"228","ENSG00000118515.11","chr6",134207422,134207422,"SRR8513304",45.77,"PASS","G","T","ENST00000367858.9","nonsynonymous","CCA","TCA","P","S",295,295,"99",13,3,"low confidence"
"229","ENSG00000118515.11","chr6",134172259,134172259,"SRR8513305",3988.77,"PASS","G","T","ENST00000367858.9","synonymous","GAC","GAT","D","D",1005,1005,"335",425,141,"not in whitelist"
"230","ENSG00000118515.11","chr6",134174539,134174539,"SRR8513309",599.77,"PASS","T","C","ENST00000367858.9","nonsynonymous","ATT","CTT","I","L",409,409,"137",34,19,"High Confidence"
"231","ENSG00000118515.11","chr6",134172766,134172766,"SRR8513311",4317.77,"PASS","G","A","ENST00000367858.9","nonsense","TAC","TAA","Y","*",843,843,"281",58,116,"other"
"232","ENSG00000118515.11","chr6",134174032,134174032,"SRR8513311",6044.77,"PASS","C","A","ENST00000367858.9","synonymous","GAG","GAA","E","E",486,486,"162",75,166,"medium confidence"
"233","ENSG00000118515.11","chr6",134172259,134172259,"SRR8513312",3244.77,"PASS","G","T","ENST00000367858.9","synonymous","GAC","GAT","D","D",1005,1005,"335",112,94,"not in whitelist"
"234","ENSG00000118515.11","chr6",134262046,134262046,"SRR8513315",44.77,"PASS","G","T","ENST00000367858.9","nonsynonymous","CCA","TCA","P","S",172,172,"58",2,2,"low confidence"
"235","ENSG00000118515.11","chr6",134172259,134172259,"SRR8513317",4748.77,"PASS","G","T","ENST00000367858.9","synonymous","GAC","GAT","D","D",1005,1005,"335",179,145,"not in whitelist"
"236","ENSG00000118515.11","chr6",134262128,134262128,"SRR8513317",37.77,"PASS","G","T","ENST00000367858.9","synonymous","AGC","AGT","S","S",90,90,"30",4,2,"low confidence"
"237","ENSG00000118515.11","chr6",134172259,134172259,"SRR8513318",1953.77,"PASS","G","T","ENST00000367858.9","synonymous","GAC","GAT","D","D",1005,1005,"335",87,62,"not in whitelist"
"238","ENSG00000118515.11","chr6",134174575,134174575,"SRR8513320",2519.73,"PASS","G","T","ENST00000367858.9","nonsense","CAG","TAG","Q","*",373,373,"125",204,86,"other"
"239","ENSG00000118515.11","chr6",134172259,134172259,"SRR8513321",6335.77,"PASS","G","T","ENST00000367858.9","synonymous","GAC","GAT","D","D",1005,1005,"335",102,175,"not in whitelist"
"240","ENSG00000118515.11","chr6",134172259,134172259,"SRR8513322",337.77,"PASS","G","T","ENST00000367858.9","synonymous","GAC","GAT","D","D",1005,1005,"335",11,11,"not in whitelist"
"241","ENSG00000118515.11","chr6",134172730,134172730,"SRR8513327",1048.77,"PASS","C","T","ENST00000367858.9","synonymous","CGG","CGT","R","R",879,879,"293",52,30,"not in whitelist"
"242","ENSG00000118515.11","chr6",134172259,134172259,"SRR8513329",3263.77,"PASS","G","T","ENST00000367858.9","synonymous","GAC","GAT","D","D",1005,1005,"335",87,95,"not in whitelist"
"243","ENSG00000118515.11","chr6",134174576,134174576,"SRR8513334",1147.77,"PASS","C","A","ENST00000367858.9","synonymous","AAG","AAA","K","K",372,372,"124",44,36,"medium confidence"
"244","ENSG00000118515.11","chr6",134261996,134261996,"SRR8513334",34.77,"PASS","G","T","ENST00000367858.9","synonymous","TTC","TTT","F","F",222,222,"74",4,2,"low confidence"
"245","ENSG00000118515.11","chr6",134171143,134171143,"SRR8513342",2596.77,"PASS","G","T","ENST00000367858.9","synonymous","TAC","TAT","Y","Y",1203,1203,"401",128,77,"not in whitelist"
"246","ENSG00000118515.11","chr6",134172259,134172259,"SRR8513344",4840.77,"PASS","G","T","ENST00000367858.9","synonymous","GAC","GAT","D","D",1005,1005,"335",261,148,"not in whitelist"
"247","ENSG00000118515.11","chr6",134171040,134171040,"SRR8513345",48.77,"PASS","C","A","ENST00000367858.9","nonsynonymous","GGG","AGG","G","R",1306,1306,"436",7,3,"low confidence"
"248","ENSG00000118515.11","chr6",134172259,134172259,"SRR8513345",854.77,"PASS","G","T","ENST00000367858.9","synonymous","GAC","GAT","D","D",1005,1005,"335",27,29,"not in whitelist"
"249","ENSG00000118515.11","chr6",134174572,134174572,"SRR8513346",2753.77,"PASS","T","G","ENST00000367858.9","nonsynonymous","AGG","GGG","R","G",376,376,"126",215,88,"not in whitelist"
"250","ENSG00000118515.11","chr6",134174586,134174586,"SRR8513346",1360.77,"PASS","G","G","ENST00000367858.9","nonsynonymous","GCT","GGT","A","G",362,362,"121",161,54,"High Confidence"
"251","ENSG00000118515.11","chr6",134261991,134261991,"SRR8513347",48.77,"PASS","C","A","ENST00000367858.9","nonsynonymous","AGA","AAA","R","K",227,227,"76",1,2,"low confidence"
"252","ENSG00000118515.11","chr6",134171067,134171067,"SRR8513354",131.77,"PASS","G","T","ENST00000367858.9","synonymous","CTG","TTG","L","L",1279,1279,"427",9,6,"low confidence"
"253","ENSG00000118515.11","chr6",134171705,134171705,"SRR8513354",88.77,"PASS","G","T","ENST00000367858.9","nonsense","CAG","TAG","Q","*",1099,1099,"367",2,4,"low confidence"
"254","ENSG00000118515.11","chr6",134207401,134207401,"SRR8513354",65.77,"PASS","G","T","ENST00000367858.9","synonymous","CTG","TTG","L","L",316,316,"106",3,3,"low confidence"
"255","ENSG00000118515.11","chr6",134172259,134172259,"SRR8513355",40.77,"PASS","G","T","ENST00000367858.9","synonymous","GAC","GAT","D","D",1005,1005,"335",17,3,"low confidence"
"256","ENSG00000118515.11","chr6",134172259,134172259,"SRR8513358",3942.77,"PASS","G","T","ENST00000367858.9","synonymous","GAC","GAT","D","D",1005,1005,"335",77,106,"not in whitelist"
"257","ENSG00000118515.11","chr6",134172259,134172259,"SRR8513359",17317.77,"PASS","G","T","ENST00000367858.9","synonymous","GAC","GAT","D","D",1005,1005,"335",0,424,"not in whitelist"
"258","ENSG00000118515.11","chr6",134172259,134172259,"SRR8513362",798.77,"PASS","G","T","ENST00000367858.9","synonymous","GAC","GAT","D","D",1005,1005,"335",244,41,"not in whitelist"
"259","ENSG00000118515.11","chr6",134172259,134172259,"SRR8513365",9993.77,"PASS","G","T","ENST00000367858.9","synonymous","GAC","GAT","D","D",1005,1005,"335",565,308,"not in whitelist"
"260","ENSG00000118515.11","chr6",134173472,134173472,"SRR8513365",3355.77,"PASS","C","A","ENST00000367858.9","nonsynonymous","AGT","AAT","S","N",608,608,"203",122,100,"High Confidence"
"261","ENSG00000118515.11","chr6",134174525,134174525,"SRR8513365",11467.77,"PASS","G","G","ENST00000367858.9","synonymous","TCC","TCG","S","S",423,423,"141",62,302,"not in whitelist"
"262","ENSG00000118515.11","chr6",134174555,134174555,"SRR8513365",9662.77,"PASS","G","T","ENST00000367858.9","synonymous","AAC","AAT","N","N",393,393,"131",60,255,"medium confidence"
"263","ENSG00000118515.11","chr6",134174586,134174586,"SRR8513365",4143.77,"PASS","G","G","ENST00000367858.9","nonsynonymous","GCT","GGT","A","G",362,362,"121",22,127,"High Confidence"
"264","ENSG00000118515.11","chr6",134262022,134262022,"SRR8513365",64.77,"PASS","G","G","ENST00000367858.9","nonsynonymous","CAA","GAA","Q","E",196,196,"66",8,3,"low confidence"
"265","ENSG00000118515.11","chr6",134262022,134262022,"SRR8513366",48.77,"PASS","G","G","ENST00000367858.9","nonsynonymous","CAA","GAA","Q","E",196,196,"66",1,2,"low confidence"
"266","ENSG00000118515.11","chr6",134172259,134172259,"SRR8513369",2874.77,"PASS","G","T","ENST00000367858.9","synonymous","GAC","GAT","D","D",1005,1005,"335",119,87,"not in whitelist"
"267","ENSG00000118515.11","chr6",134261996,134261996,"SRR8513369",34.77,"PASS","G","T","ENST00000367858.9","synonymous","TTC","TTT","F","F",222,222,"74",4,2,"low confidence"
"268","ENSG00000118515.11","chr6",134172259,134172259,"SRR8513371",4845.77,"PASS","G","T","ENST00000367858.9","synonymous","GAC","GAT","D","D",1005,1005,"335",176,144,"not in whitelist"
"269","ENSG00000118515.11","chr6",134262022,134262022,"SRR8513371",212.77,"PASS","G","G","ENST00000367858.9","nonsynonymous","CAA","GAA","Q","E",196,196,"66",9,7,"low confidence"
"270","ENSG00000118515.11","chr6",134172259,134172259,"SRR8513372",9147.77,"PASS","G","T","ENST00000367858.9","synonymous","GAC","GAT","D","D",1005,1005,"335",253,272,"not in whitelist"
"271","ENSG00000118515.11","chr6",134170323,134170323,"SRR8513374",1112.77,"PASS","G","G","ENST00000367858.9","nonsynonymous","GCT","GGT","A","G",1526,1526,"509",131,41,"not in whitelist"
"272","ENSG00000118515.11","chr6",134171154,134171154,"SRR8513374",3474.77,"PASS","C","A","ENST00000367858.9","nonsynonymous","GCT","ACT","A","T",1192,1192,"398",380,120,"not in whitelist"
"273","ENSG00000118515.11","chr6",134171722,134171722,"SRR8513374",1430.77,"PASS","G","G","ENST00000367858.9","nonsynonymous","CCT","CGT","P","R",1082,1082,"361",238,56,"not in whitelist"
"274","ENSG00000118515.11","chr6",134172259,134172259,"SRR8513374",1973.77,"PASS","G","T","ENST00000367858.9","synonymous","GAC","GAT","D","D",1005,1005,"335",549,100,"not in whitelist"
"275","ENSG00000118515.11","chr6",134172699,134172699,"SRR8513374",5774.77,"PASS","C","T","ENST00000367858.9","nonsynonymous","GCC","TCC","A","S",910,910,"304",341,179,"not in whitelist"
"276","ENSG00000118515.11","chr6",134173131,134173131,"SRR8513374",733.77,"PASS","C","A","ENST00000367858.9","synonymous","CGG","CGA","R","R",726,726,"242",127,31,"not in whitelist"
"277","ENSG00000118515.11","chr6",134173274,134173274,"SRR8513374",401.77,"PASS","C","C","ENST00000367858.9","nonsynonymous","GAG","GAC","E","D",702,702,"234",140,23,"High Confidence"
"278","ENSG00000118515.11","chr6",134170323,134170323,"SRR8513375",52.77,"PASS","G","G","ENST00000367858.9","nonsynonymous","GCT","GGT","A","G",1526,1526,"509",13,3,"low confidence"
"279","ENSG00000118515.11","chr6",134170403,134170403,"SRR8513375",44.77,"PASS","G","T","ENST00000367858.9","synonymous","CCC","CCT","P","P",1446,1446,"482",12,3,"low confidence"
"280","ENSG00000118515.11","chr6",134171047,134171048,"SRR8513375",45.73,"PASS","CT","G","ENST00000367858.9","frameshift","AAG","AG",NA,NA,1298,1299,"433",16,4,"low confidence"
"281","ENSG00000118515.11","chr6",134171701,134171701,"SRR8513378",56.77,"PASS","G","T","ENST00000367858.9","nonsynonymous","CCT","CTT","P","L",1103,1103,"368",11,3,"low confidence"
"282","ENSG00000118515.11","chr6",134173528,134173528,"SRR8513378",24.78,"PASS","G","T","ENST00000367858.9","synonymous","TCC","TCT","S","S",552,552,"184",9,2,"low confidence"
"283","ENSG00000118515.11","chr6",134261981,134261981,"SRR8513379",54.77,"PASS","G","T","ENST00000367858.9","synonymous","CTC","CTT","L","L",237,237,"79",12,3,"low confidence"
"284","ENSG00000118515.11","chr6",134170278,134170278,"SRR8513381",31.77,"PASS","G","T","ENST00000367858.9","nonsynonymous","TCT","TTT","S","F",1571,1571,"524",4,2,"low confidence"
"285","ENSG00000118515.11","chr6",134173343,134173343,"SRR8513381",383.77,"PASS","T","G","ENST00000367858.9","synonymous","AGA","AGG","R","R",633,633,"211",5,11,"medium confidence"
"286","ENSG00000118515.11","chr6",134172259,134172259,"SRR8513383",6257.77,"PASS","G","T","ENST00000367858.9","synonymous","GAC","GAT","D","D",1005,1005,"335",3,165,"not in whitelist"
"287","ENSG00000118515.11","chr6",134262015,134262015,"SRR8513384",31.77,"PASS","C","C","ENST00000367858.9","nonsynonymous","TGC","TCC","C","S",203,203,"68",6,2,"low confidence"
"288","ENSG00000118515.11","chr6",134172259,134172259,"SRR8513392",480.77,"PASS","G","T","ENST00000367858.9","synonymous","GAC","GAT","D","D",1005,1005,"335",15,15,"not in whitelist"
"289","ENSG00000118515.11","chr6",134173148,134173148,"SRR8513392",26.78,"PASS","G","T","ENST00000367858.9","nonsynonymous","CAT","TAT","H","Y",709,709,"237",8,2,"low confidence"
"290","ENSG00000118515.11","chr6",134171145,134171145,"SRR8513394",2105.77,"PASS","A","G","ENST00000367858.9","nonsynonymous","TAC","GAC","Y","D",1201,1201,"401",35,58,"not in whitelist"
"291","ENSG00000118515.11","chr6",134262059,134262059,"SRR8513394",58.74,"PASS","G","T","ENST00000367858.9","synonymous","ATC","ATT","I","I",159,159,"53",0,2,"low confidence"
"292","ENSG00000118515.11","chr6",134170273,134170273,"SRR8513395",36.77,"PASS","G","T","ENST00000367858.9","nonsynonymous","CTC","TTC","L","F",1576,1576,"526",13,3,"low confidence"
"293","ENSG00000118515.11","chr6",134172259,134172259,"SRR8513395",378.77,"PASS","G","T","ENST00000367858.9","synonymous","GAC","GAT","D","D",1005,1005,"335",35,14,"not in whitelist"
"294","ENSG00000118515.11","chr6",134174534,134174534,"SRR8513395",101.77,"PASS","G","T","ENST00000367858.9","synonymous","GCC","GCT","A","A",414,414,"138",36,6,"low confidence"
"295","ENSG00000118515.11","chr6",134171077,134171077,"SRR8513396",65.77,"PASS","C","A","ENST00000367858.9","synonymous","CTG","CTA","L","L",1269,1269,"423",7,3,"low confidence"
"296","ENSG00000118515.11","chr6",134171135,134171138,"SRR8513396",31.73,"PASS","ATGT","T","ENST00000367858.9","nonsynonymous","AACATT","ATT","NI","I",1208,1211,"403:404",5,2,"low confidence"
"297","ENSG00000118515.11","chr6",134172268,134172268,"SRR8513396",45.77,"PASS","G","T","ENST00000367858.9","synonymous","GTC","GTT","V","V",996,996,"332",15,3,"low confidence"
"298","ENSG00000118515.11","chr6",134173078,134173078,"SRR8513396",112.77,"PASS","G","T","ENST00000367858.9","nonsynonymous","TCT","TTT","S","F",779,779,"260",4,5,"low confidence"
"299","ENSG00000118515.11","chr6",134207401,134207401,"SRR8513397",58.74,"PASS","G","A","ENST00000367858.9","nonsynonymous","CTG","ATG","L","M",316,316,"106",0,2,"low confidence"
"300","ENSG00000118515.11","chr6",134171122,134171122,"SRR8513398",71.77,"PASS","A","C","ENST00000367858.9","synonymous","CCT","CCC","P","P",1224,1224,"408",3,3,"low confidence"
"301","ENSG00000118515.11","chr6",134171138,134171138,"SRR8513398",26.78,"PASS","T","T","ENST00000367858.9","nonsynonymous","AAC","ATC","N","I",1208,1208,"403",8,2,"low confidence"
"302","ENSG00000118515.11","chr6",134174061,134174061,"SRR8513401",2999.77,"PASS","A","A","ENST00000367858.9","nonsynonymous","TTG","ATG","L","M",457,457,"153",280,93,"not in whitelist"
"303","ENSG00000118515.11","chr6",134174063,134174063,"SRR8513401",2999.77,"PASS","A","G","ENST00000367858.9","nonsynonymous","ATC","AGC","I","S",455,455,"152",265,93,"not in whitelist"
"304","ENSG00000118515.11","chr6",134172259,134172259,"SRR8513402",3008.77,"PASS","G","T","ENST00000367858.9","synonymous","GAC","GAT","D","D",1005,1005,"335",86,90,"not in whitelist"
"305","ENSG00000118515.11","chr6",134173030,134173030,"SRR8513408",2528.77,"PASS","C","A","ENST00000367858.9","nonsynonymous","GGT","GAT","G","D",827,827,"276",170,79,"not in whitelist"
"306","ENSG00000118515.11","chr6",134174018,134174018,"SRR8513408",4162.77,"PASS","T","G","ENST00000367858.9","nonsynonymous","AAC","AGC","N","S",500,500,"167",281,131,"High Confidence"
"307","ENSG00000118515.11","chr6",134174035,134174035,"SRR8513408",4463.77,"PASS","A","G","ENST00000367858.9","synonymous","CCT","CCG","P","P",483,483,"161",265,143,"not in whitelist"
"308","ENSG00000118515.11","chr6",134172259,134172259,"SRR8513414",9243.77,"PASS","G","T","ENST00000367858.9","synonymous","GAC","GAT","D","D",1005,1005,"335",248,259,"not in whitelist"
"309","ENSG00000118515.11","chr6",134172259,134172259,"SRR8513415",2630.77,"PASS","G","T","ENST00000367858.9","synonymous","GAC","GAT","D","D",1005,1005,"335",76,79,"not in whitelist"
"310","ENSG00000118515.11","chr6",134174523,134174523,"SRR8513416",4659.77,"PASS","T","T","ENST00000367858.9","nonsynonymous","TAT","TTT","Y","F",425,425,"142",278,144,"High Confidence"
"311","ENSG00000118515.11","chr6",134174586,134174586,"SRR8513416",403.77,"PASS","G","T","ENST00000367858.9","nonsynonymous","GCT","GTT","A","V",362,362,"121",151,28,"High Confidence"
"312","ENSG00000118515.11","chr6",134172259,134172259,"SRR8513420",2043.77,"PASS","G","T","ENST00000367858.9","synonymous","GAC","GAT","D","D",1005,1005,"335",63,58,"not in whitelist"
"313","ENSG00000118515.11","chr6",134171665,134171665,"SRR8513422",3810.77,"PASS","G","T","ENST00000367858.9","nonsynonymous","GCT","GTT","A","V",1139,1139,"380",111,109,"High Confidence"
"314","ENSG00000118515.11","chr6",134174566,134174566,"SRR8513422",2432.77,"PASS","T","G","ENST00000367858.9","nonsynonymous","ATG","GTG","M","V",382,382,"128",74,70,"High Confidence"
"315","ENSG00000118515.11","chr6",134172259,134172259,"SRR8513425",413.77,"PASS","G","T","ENST00000367858.9","synonymous","GAC","GAT","D","D",1005,1005,"335",26,14,"not in whitelist"
"316","ENSG00000118515.11","chr6",134170284,134170284,"SRR8513433",50.74,"PASS","G","T","ENST00000367858.9","nonsynonymous","ACG","ATG","T","M",1565,1565,"522",0,2,"low confidence"
"317","ENSG00000118515.11","chr6",134172259,134172259,"SRR8513442",2492.77,"PASS","G","T","ENST00000367858.9","synonymous","GAC","GAT","D","D",1005,1005,"335",13,67,"not in whitelist"
"318","ENSG00000118515.11","chr6",134317434,134317434,"SRR8513444",34.77,"PASS","G","T","ENST00000367858.9","synonymous","TTC","TTT","F","F",27,27,"9",1,2,"low confidence"
"319","ENSG00000118515.11","chr6",134173294,134173294,"SRR8513445",583.77,"PASS","C","A","ENST00000367858.9","nonsynonymous","GCA","ACA","A","T",682,682,"228",77,22,"High Confidence"
"320","ENSG00000118515.11","chr6",134173512,134173512,"SRR8513445",3403.77,"PASS","G","T","ENST00000367858.9","nonsynonymous","CCA","TCA","P","S",568,568,"190",120,99,"High Confidence"
"321","ENSG00000118515.11","chr6",134174032,134174032,"SRR8513445",1356.77,"PASS","C","A","ENST00000367858.9","synonymous","GAG","GAA","E","E",486,486,"162",154,48,"medium confidence"
"322","ENSG00000118515.11","chr6",134174521,134174521,"SRR8513445",4375.77,"PASS","C","A","ENST00000367858.9","nonsynonymous","GCA","ACA","A","T",427,427,"143",81,119,"High Confidence"
"323","ENSG00000118515.11","chr6",134174561,134174561,"SRR8513445",2010.77,"PASS","A","A","ENST00000367858.9","synonymous","GGT","GGA","G","G",387,387,"129",50,57,"not in whitelist"
"324","ENSG00000118515.11","chr6",134174585,134174585,"SRR8513445",1515.77,"PASS","A","C","ENST00000367858.9","synonymous","GCT","GCC","A","A",363,363,"121",34,43,"not in whitelist"
"325","ENSG00000118515.11","chr6",134172248,134172248,"SRR8513448",1757.77,"PASS","C","A","ENST00000367858.9","nonsynonymous","TGC","TAC","C","Y",1016,1016,"339",104,54,"High Confidence"
"326","ENSG00000118515.11","chr6",134172716,134172716,"SRR8513448",1122.77,"PASS","G","A","ENST00000367858.9","nonsynonymous","GCT","GAT","A","D",893,893,"298",28,32,"High Confidence"
"327","ENSG00000118515.11","chr6",134173472,134173472,"SRR8513448",1066.77,"PASS","C","C","ENST00000367858.9","nonsynonymous","AGT","ACT","S","T",608,608,"203",40,31,"High Confidence"
"328","ENSG00000118515.11","chr6",134174032,134174032,"SRR8513448",3331.77,"PASS","C","C","ENST00000367858.9","nonsynonymous","GAG","GAC","E","D",486,486,"162",80,96,"High Confidence"
"329","ENSG00000118515.11","chr6",134174520,134174520,"SRR8513448",348.77,"PASS","G","A","ENST00000367858.9","nonsynonymous","GCA","GAA","A","E",428,428,"143",114,18,"High Confidence"
"330","ENSG00000118515.11","chr6",134174555,134174555,"SRR8513449",116.77,"PASS","G","G","ENST00000367858.9","nonsynonymous","AAC","AAG","N","K",393,393,"131",4,4,"low confidence"
"331","ENSG00000118515.11","chr6",134171727,134171727,"SRR8513451",58.77,"PASS","G","T","ENST00000367858.9","synonymous","CTC","CTT","L","L",1077,1077,"359",12,4,"low confidence"
"332","ENSG00000118515.11","chr6",134171665,134171665,"SRR8513452",2588.77,"PASS","G","T","ENST00000367858.9","nonsynonymous","GCT","GTT","A","V",1139,1139,"380",137,79,"High Confidence"
"333","ENSG00000118515.11","chr6",134207379,134207379,"SRR8513457",37.77,"PASS","G","T","ENST00000367858.9","nonsynonymous","ACC","ATC","T","I",338,338,"113",1,2,"low confidence"
"334","ENSG00000118515.11","chr6",134172678,134172678,"SRR8513459",39.77,"PASS","G","T","ENST00000367858.9","synonymous","CTG","TTG","L","L",931,931,"311",16,3,"low confidence"
"335","ENSG00000118515.11","chr6",134173512,134173512,"SRR8513460",1473.77,"PASS","G","A","ENST00000367858.9","nonsynonymous","CCA","ACA","P","T",568,568,"190",249,60,"High Confidence"
"336","ENSG00000118515.11","chr6",134174032,134174032,"SRR8513460",6036.77,"PASS","C","A","ENST00000367858.9","synonymous","GAG","GAA","E","E",486,486,"162",121,170,"medium confidence"
"337","ENSG00000118515.11","chr6",134170286,134170286,"SRR8513462",46.77,"PASS","G","T","ENST00000367858.9","synonymous","CCC","CCT","P","P",1563,1563,"521",8,3,"low confidence"
"338","ENSG00000118515.11","chr6",134172259,134172259,"SRR8513467",6151.77,"PASS","G","T","ENST00000367858.9","synonymous","GAC","GAT","D","D",1005,1005,"335",2,158,"not in whitelist"
"339","ENSG00000118515.11","chr6",134170842,134170842,"SRR8513470",48.77,"PASS","G","T","ENST00000367858.9","nonsynonymous","CCT","CTT","P","L",1397,1397,"466",14,3,"low confidence"
"340","ENSG00000118515.11","chr6",134172259,134172259,"SRR8513470",1100.77,"PASS","G","T","ENST00000367858.9","synonymous","GAC","GAT","D","D",1005,1005,"335",23,31,"not in whitelist"
"341","ENSG00000118515.11","chr6",134172259,134172259,"SRR8513471",345.77,"PASS","G","T","ENST00000367858.9","synonymous","GAC","GAT","D","D",1005,1005,"335",77,18,"not in whitelist"
"342","ENSG00000118515.11","chr6",134262099,134262099,"SRR8513473",35.77,"PASS","C","T","ENST00000367858.9","nonsynonymous","AGT","ATT","S","I",119,119,"40",4,2,"low confidence"
"343","ENSG00000118515.11","chr6",134172259,134172259,"SRR8513478",8409.77,"PASS","G","T","ENST00000367858.9","synonymous","GAC","GAT","D","D",1005,1005,"335",308,249,"not in whitelist"
"344","ENSG00000118515.11","chr6",134172259,134172259,"SRR8513480",1754.77,"PASS","G","T","ENST00000367858.9","synonymous","GAC","GAT","D","D",1005,1005,"335",54,52,"not in whitelist"
"345","ENSG00000118515.11","chr6",134261996,134261996,"SRR8513480",34.77,"PASS","G","T","ENST00000367858.9","synonymous","TTC","TTT","F","F",222,222,"74",2,2,"low confidence"
"346","ENSG00000118515.11","chr6",134171064,134171076,"SRR8513481",173.73,"PASS","GCAGGAGGCCCTC","C","ENST00000367858.9","nonsynonymous","GAGGGCCTCCTGCAG","CAG","EGLLQ","Q",1270,1282,"c(424, 428)",17,7,"low confidence"
"347","ENSG00000118515.11","chr6",134171652,134171652,"SRR8513481",45.77,"PASS","C","C","ENST00000367858.9","nonsynonymous","GAG","GAC","E","D",1152,1152,"384",13,3,"low confidence"
"348","ENSG00000118515.11","chr6",134172292,134172292,"SRR8513481",88.77,"PASS","C","T","ENST00000367858.9","nonsynonymous","TTG","TTT","L","F",972,972,"324",31,6,"low confidence"
"349","ENSG00000118515.11","chr6",134173475,134173475,"SRR8513481",48.77,"PASS","C","T","ENST00000367858.9","nonsynonymous","GGC","GTC","G","V",605,605,"202",12,3,"low confidence"
"350","ENSG00000118515.11","chr6",134172259,134172259,"SRR8513482",6376.77,"PASS","G","T","ENST00000367858.9","synonymous","GAC","GAT","D","D",1005,1005,"335",346,199,"not in whitelist"
"351","ENSG00000118515.11","chr6",134173348,134173348,"SRR8513482",1877.77,"PASS","C","A","ENST00000367858.9","nonsynonymous","GCA","ACA","A","T",628,628,"210",184,64,"High Confidence"
"352","ENSG00000118515.11","chr6",134174032,134174032,"SRR8513482",1248.77,"PASS","C","A","ENST00000367858.9","synonymous","GAG","GAA","E","E",486,486,"162",310,58,"medium confidence"
"353","ENSG00000118515.11","chr6",134262124,134262124,"SRR8513482",142.77,"PASS","T","G","ENST00000367858.9","nonsynonymous","ATG","GTG","M","V",94,94,"32",4,5,"low confidence"
"354","ENSG00000118515.11","chr6",134172259,134172259,"SRR8513492",6036.77,"PASS","G","T","ENST00000367858.9","synonymous","GAC","GAT","D","D",1005,1005,"335",115,167,"not in whitelist"
"355","ENSG00000118515.11","chr6",134172259,134172259,"SRR8513499",3599.77,"PASS","G","T","ENST00000367858.9","synonymous","GAC","GAT","D","D",1005,1005,"335",149,111,"not in whitelist"
"356","ENSG00000118515.11","chr6",134170417,134170417,"SRR8513500",23.79,"PASS","G","T","ENST00000367858.9","nonsynonymous","CGG","TGG","R","W",1432,1432,"478",9,2,"low confidence"
"357","ENSG00000118515.11","chr6",134174540,134174540,"SRR8513500",48.77,"PASS","C","T","ENST00000367858.9","nonsynonymous","AAG","AAT","K","N",408,408,"136",14,3,"low confidence"
"358","ENSG00000118515.11","chr6",134172259,134172259,"SRR8513504",436.77,"PASS","G","T","ENST00000367858.9","synonymous","GAC","GAT","D","D",1005,1005,"335",16,15,"not in whitelist"
"359","ENSG00000118515.11","chr6",134173504,134173504,"SRR8513506",61.77,"PASS","G","T","ENST00000367858.9","synonymous","GAC","GAT","D","D",576,576,"192",23,4,"low confidence"
"360","ENSG00000118515.11","chr6",134262051,134262051,"SRR8513506",44.77,"PASS","C","A","ENST00000367858.9","nonsynonymous","GGG","GAG","G","E",167,167,"56",2,2,"low confidence"
"361","ENSG00000118515.11","chr6",134172259,134172259,"SRR8513507",1184.77,"PASS","G","T","ENST00000367858.9","synonymous","GAC","GAT","D","D",1005,1005,"335",52,40,"not in whitelist"
"362","ENSG00000118515.11","chr6",134172259,134172259,"SRR8513509",10558.77,"PASS","G","T","ENST00000367858.9","synonymous","GAC","GAT","D","D",1005,1005,"335",216,293,"not in whitelist"
"363","ENSG00000118515.11","chr6",134172259,134172259,"SRR8513512",4708.77,"PASS","G","T","ENST00000367858.9","synonymous","GAC","GAT","D","D",1005,1005,"335",151,135,"not in whitelist"
"364","ENSG00000118515.11","chr6",134172259,134172259,"SRR8513515",8643.77,"PASS","G","T","ENST00000367858.9","synonymous","GAC","GAT","D","D",1005,1005,"335",278,252,"not in whitelist"
"365","ENSG00000118515.11","chr6",134172259,134172259,"SRR8513518",14788.77,"PASS","G","T","ENST00000367858.9","synonymous","GAC","GAT","D","D",1005,1005,"335",1,363,"not in whitelist"
"366","ENSG00000118515.11","chr6",134172259,134172259,"SRR8513524",7046.77,"PASS","G","T","ENST00000367858.9","synonymous","GAC","GAT","D","D",1005,1005,"335",221,204,"not in whitelist"
"367","ENSG00000118515.11","chr6",134207393,134207393,"SRR8513524",49.77,"PASS","C","T","ENST00000367858.9","nonsynonymous","AAG","AAT","K","N",324,324,"108",14,3,"low confidence"
"368","ENSG00000118515.11","chr6",134207359,134207359,"SRR8513526",32.77,"PASS","G","T","ENST00000367858.9","nonsynonymous","CCA","TCA","P","S",358,358,"120",6,2,"low confidence"
"369","ENSG00000118515.11","chr6",134172259,134172259,"SRR8513529",1540.77,"PASS","G","T","ENST00000367858.9","synonymous","GAC","GAT","D","D",1005,1005,"335",64,45,"not in whitelist"
"370","ENSG00000118515.11","chr6",134170395,134170395,"SRR8513531",56.74,"PASS","G","T","ENST00000367858.9","nonsynonymous","ACC","ATC","T","I",1454,1454,"485",0,2,"low confidence"
"371","ENSG00000118515.11","chr6",134171123,134171123,"SRR8513531",95.77,"PASS","G","T","ENST00000367858.9","nonsynonymous","CCT","CTT","P","L",1223,1223,"408",8,4,"low confidence"
"372","ENSG00000118515.11","chr6",134172247,134172248,"SRR8513531",25.74,"PASS","GC","C","ENST00000367858.9","frameshift","TGC","TC",NA,NA,1016,1017,"339",4,2,"low confidence"
"373","ENSG00000118515.11","chr6",134262103,134262103,"SRR8513534",46.77,"PASS","G","T","ENST00000367858.9","nonsense","CAG","TAG","Q","*",115,115,"39",1,2,"low confidence"
"374","ENSG00000118515.11","chr6",134172259,134172259,"SRR8513536",3105.77,"PASS","G","T","ENST00000367858.9","synonymous","GAC","GAT","D","D",1005,1005,"335",139,97,"not in whitelist"
"375","ENSG00000118515.11","chr6",134174080,134174080,"SRR8513537",2021.77,"PASS","G","T","ENST00000367858.9","synonymous","CAC","CAT","H","H",438,438,"146",65,60,"medium confidence"
"376","ENSG00000118515.11","chr6",134172261,134172262,"SRR8513539",38.73,"PASS","CA","G","ENST00000367858.9","frameshift","ACTGAC","ACTGAC",NA,NA,1002,1003,"334:335",12,3,"low confidence"
"377","ENSG00000118515.11","chr6",134172259,134172259,"SRR8513540",5670.77,"PASS","G","T","ENST00000367858.9","synonymous","GAC","GAT","D","D",1005,1005,"335",162,162,"not in whitelist"
